Pos.,No.,driverName,Team,best_quali_time,Year,RaceId,Laps,Q1,Q2,Q3
1,18,Juan Manuel Fangio,Alfa Romeo,1:58.600,1950,100,,,,
1,38,Juan Manuel Fangio,Alfa Romeo,1:53.200,1951,107,,,,
1,12,Alberto Ascari,Ferrari,2:05.700,1952,116,,,,
1,4,Alberto Ascari,Ferrari,2:02.700,1953,125,,,,
1,16,Juan Manuel Fangio,Mercedes-Benz,1:59.000,1954,133,,,,
1,18,Juan Manuel Fangio,Mercedes-Benz,2:46.500,1955,141,,,,
1,22,Juan Manuel Fangio,Ferrari,2:42.600,1956,149,,,,
1,20,Stuart Lewis-Evans ,Vanwall,1:42.400,1957,157,,,,
1,26,Stirling Moss,Vanwall,1:40.500,1958,167,,,,
1,14,Stirling Moss,Cooper Climax,1:39.700,1959,176,,,,
1,26,Phil Hill,Ferrari,2:41.400,1960,186,,,,
1,4,Wolfgang von Trips,Ferrari,2:46.300,1961,194,,,,
1,20,Jim Clark,Lotus Climax,1:40.350,1962,202,,,,
1,4,John Surtees,Ferrari,1:37.300,1963,211,,,,
1,2,John Surtees,Ferrari,1:37.400,1964,222,,,,
1,24,Jim Clark,Lotus Climax,1:35.900,1965,232,,,,
1,4,Mike Parkes ,Ferrari,1:31.300,1966,241,,,,
1,20,Jim Clark,Lotus Ford,1:28.500,1967,252,,,,
1,14,John Surtees,Honda,1:26.070,1968,263,,,,
1,4,Jochen Rindt,Lotus Ford,1:25.480,1969,274,,,,
1,2,Jacky Ickx,Ferrari,1:24.140,1970,287,,,,
1,12,Chris Amon,Matra,1:22.400,1971,299,,,,
1,4,Jacky Ickx,Ferrari,1:35.650,1972,311,,,,
1,2,Ronnie Peterson,Lotus Ford,1:34.800,1973,326,,,,
1,12,Niki Lauda,Ferrari,1:33.160,1974,341,,,,
1,12,Niki Lauda,Ferrari,1:32.240,1975,356,,,,
1,26,Jacques Laffite,Ligier Matra,1:41.350,1976,370,,,,
1,1,James Hunt,McLaren Ford,1:38.080,1977,387,,,,
1,5,Mario Andretti,Lotus Ford,1:37.520,1978,404,,,,
1,15,Jean-Pierre Jabouille,Renault,1:34.580,1979,419,,,,
1,16,Rene Arnoux,Renault,1:33.988,1980,91,,,,
1,16,Rene Arnoux,Renault,1:33.467,1981,434,,,,
1,28,Mario Andretti,Ferrari,1:28.473,1982,451,,,,
1,6,Riccardo Patrese,Brabham BMW,1:29.122,1983,463,,,,
2,27,Patrick Tambay,Ferrari,1:29.650,1983,463,,,,
3,28,Rene Arnoux,Ferrari,1:29.901,1983,463,,,,
4,5,Nelson Piquet,Brabham BMW,1:30.202,1983,463,,,,
5,15,Alain Prost,Renault,1:31.144,1983,463,,,,
6,22,Andrea de Cesaris,Alfa Romeo,1:31.272,1983,463,,,,
7,16,Eddie Cheever,Renault,1:31.564,1983,463,,,,
8,11,Elio de Angelis,Lotus Renault,1:31.628,1983,463,,,,
9,9,Manfred Winkelhock,ATS BMW,1:31.959,1983,463,,,,
10,23,Mauro Baldi,Alfa Romeo,1:32.407,1983,463,,,,
11,12,Nigel Mansell,Lotus Renault,1:32.423,1983,463,,,,
12,35,Derek Warwick,Toleman Hart,1:32.677,1983,463,,,,
13,8,Niki Lauda,McLaren TAG,1:33.133,1983,463,,,,
14,36,Bruno Giacomelli,Toleman Hart,1:33.384,1983,463,,,,
15,7,John Watson,McLaren TAG,1:34.705,1983,463,,,,
16,1,Keke Rosberg,Williams Ford,1:35.291,1983,463,,,,
17,40,Stefan Johansson,Spirit Honda,1:35.483,1983,463,,,,
18,30,Thierry Boutsen,Arrows Ford,1:35.624,1983,463,,,,
19,25,Jean-Pierre Jarier,Ligier Ford,1:36.220,1983,463,,,,
20,29,Marc Surer,Arrows Ford,1:36.435,1983,463,,,,
21,33,Roberto Guerrero,Theodore Ford,1:36.619,1983,463,,,,
22,4,Danny Sullivan,Tyrrell Ford,1:36.644,1983,463,,,,
23,32,Piercarlo Ghinzani,Osella Alfa Romeo,1:36.647,1983,463,,,,
24,3,Michele Alboreto,Tyrrell Ford,1:36.788,1983,463,,,,
25,31,Corrado Fabi,Osella Alfa Romeo,1:36.834,1983,463,,,,
26,34,Johnny Cecotto,Theodore Ford,1:37.105,1983,463,,,,
NC,26,Raul Boesel,Ligier Ford,1:37.186,1983,463,,,,
NC,2,Jacques Laffite,Williams Ford,1:37.245,1983,463,,,,
NC,17,Kenny Acheson,RAM Ford,1:37.272,1983,463,,,,
1,1,Nelson Piquet,Brabham BMW,1:26.584,1984,479,,,,
2,7,Alain Prost,McLaren TAG,1:26.671,1984,479,,,,
3,11,Elio de Angelis,Lotus Renault,1:27.538,1984,479,,,,
4,8,Niki Lauda,McLaren TAG,1:28.533,1984,479,,,,
5,2,Teo Fabi,Brabham BMW,1:28.587,1984,479,,,,
6,6,Keke Rosberg,Williams Honda,1:28.818,1984,479,,,,
7,12,Nigel Mansell,Lotus Renault,1:28.969,1984,479,,,,
8,15,Patrick Tambay,Renault,1:29.253,1984,479,,,,
9,22,Riccardo Patrese,Alfa Romeo,1:29.382,1984,479,,,,
10,23,Eddie Cheever,Alfa Romeo,1:29.797,1984,479,,,,
11,27,Michele Alboreto,Ferrari,1:29.810,1984,479,,,,
12,16,Derek Warwick,Renault,1:30.113,1984,479,,,,
13,5,Jacques Laffite,Williams Honda,1:30.578,1984,479,,,,
14,28,Rene Arnoux,Ferrari,1:30.695,1984,479,,,,
15,17,Marc Surer,Arrows BMW,1:31.108,1984,479,,,,
16,26,Andrea de Cesaris,Ligier Renault,1:31.198,1984,479,,,,
17,19,Stefan Johansson,Toleman Hart,1:31.203,1984,479,,,,
18,25,Francois Hesnault,Ligier Renault,1:31.274,1984,479,,,,
19,18,Thierry Boutsen,Arrows BMW,1:31.342,1984,479,,,,
20,31,Gerhard Berger,ATS BMW,1:31.549,1984,479,,,,
21,14,Manfred Winkelhock,ATS BMW,1:32.866,1984,479,,,,
22,24,Piercarlo Ghinzani,Osella Alfa Romeo,1:33.456,1984,479,,,,
23,9,Philippe Alliot,RAM Hart,1:34.120,1984,479,,,,
24,30,Jo Gartner,Osella Alfa Romeo,1:34.472,1984,479,,,,
25,21,Huub Rothengatter,Spirit Hart,1:34.719,1984,479,,,,
26,10,Jonathan Palmer,RAM Hart,1:35.412,1984,479,,,,
27,20,Pierluigi Martini,Toleman Hart,1:35.840,1984,479,,,,
1,12,Ayrton Senna,Lotus Renault,1:25.084,1985,493,,,,
2,6,Keke Rosberg,Williams Honda,1:25.230,1985,493,,,,
3,5,Nigel Mansell,Williams Honda,1:25.486,1985,493,,,,
4,7,Nelson Piquet,Brabham BMW,1:25.584,1985,493,,,,
5,2,Alain Prost,McLaren TAG,1:25.790,1985,493,,,,
6,11,Elio de Angelis,Lotus Renault,1:26.044,1985,493,,,,
7,27,Michele Alboreto,Ferrari,1:26.468,1985,493,,,,
8,15,Patrick Tambay,Renault,1:27.020,1985,493,,,,
9,8,Marc Surer,Brabham BMW,1:27.153,1985,493,,,,
10,28,Stefan Johansson,Ferrari,1:27.473,1985,493,,,,
11,17,Gerhard Berger,Arrows BMW,1:27.723,1985,493,,,,
12,16,Derek Warwick,Renault,1:28.112,1985,493,,,,
13,22,Riccardo Patrese,Alfa Romeo,1:28.340,1985,493,,,,
14,18,Thierry Boutsen,Arrows BMW,1:28.369,1985,493,,,,
15,19,Teo Fabi,Toleman Hart,1:28.386,1985,493,,,,
16,1,Niki Lauda,McLaren TAG,1:28.472,1985,493,,,,
17,23,Eddie Cheever,Alfa Romeo,1:28.629,1985,493,,,,
18,3,Martin Brundle,Tyrrell Renault,1:28.793,1985,493,,,,
19,25,Philippe Streiff,Ligier Renault,1:29.839,1985,493,,,,
20,26,Jacques Laffite,Ligier Renault,1:30.186,1985,493,,,,
21,20,Piercarlo Ghinzani,Toleman Hart,1:30.271,1985,493,,,,
22,24,Huub Rothengatter,Osella Alfa Romeo,1:33.529,1985,493,,,,
23,29,Pierluigi Martini,Minardi Motori Moderni,1:33.981,1985,493,,,,
24,10,Kenny Acheson,RAM Hart,1:34.919,1985,493,,,,
25,33,Alan Jones,Lola Hart,1:34.943,1985,493,,,,
26,9,Philippe Alliot,RAM Hart,1:36.221,1985,493,,,,
1,19,Teo Fabi,Benetton BMW,1:24.078,1986,510,,,,
2,1,Alain Prost,McLaren TAG,1:24.514,1986,510,,,,
3,5,Nigel Mansell,Williams Honda,1:24.882,1986,510,,,,
4,20,Gerhard Berger,Benetton BMW,1:24.885,1986,510,,,,
5,12,Ayrton Senna,Lotus Renault,1:24.916,1986,510,,,,
6,6,Nelson Piquet,Williams Honda,1:25.137,1986,510,,,,
7,8,Derek Warwick,Brabham BMW,1:25.175,1986,510,,,,
8,2,Keke Rosberg,McLaren TAG,1:25.378,1986,510,,,,
9,27,Michele Alboreto,Ferrari,1:25.549,1986,510,,,,
10,7,Riccardo Patrese,Brabham BMW,1:26.111,1986,510,,,,
11,25,Rene Arnoux,Ligier Renault,1:26.187,1986,510,,,,
12,28,Stefan Johansson,Ferrari,1:26.422,1986,510,,,,
13,18,Thierry Boutsen,Arrows BMW,1:26.754,1986,510,,,,
14,26,Philippe Alliot,Ligier Renault,1:27.269,1986,510,,,,
15,16,Patrick Tambay,Lola Ford,1:27.808,1986,510,,,,
16,17,Christian Danner,Arrows BMW,1:27.923,1986,510,,,,
17,11,Johnny Dumfries,Lotus Renault,1:28.024,1986,510,,,,
18,15,Alan Jones,Lola Ford,1:28.043,1986,510,,,,
19,24,Alessandro Nannini,Minardi Motori Moderni,1:28.690,1986,510,,,,
20,3,Martin Brundle,Tyrrell Renault,1:29.125,1986,510,,,,
21,23,Andrea de Cesaris,Minardi Motori Moderni,1:29.561,1986,510,,,,
22,14,Jonathan Palmer,Zakspeed,1:29.659,1986,510,,,,
23,4,Philippe Streiff,Tyrrell Renault,1:30.199,1986,510,,,,
24,29,Huub Rothengatter,Zakspeed,1:30.904,1986,510,,,,
25,31,Ivan Capelli,AGS Motori Moderni,1:33.844,1986,510,,,,
26,21,Piercarlo Ghinzani,Osella Alfa Romeo,1:36.128,1986,510,,,,
27,22,Alex Caffi,Osella Alfa Romeo,1:36.900,1986,510,,,,
1,6,Nelson Piquet,Williams Honda,1:23.460,1987,521,,,,
2,5,Nigel Mansell,Williams Honda,1:23.559,1987,521,,,,
3,28,Gerhard Berger,Ferrari,1:23.933,1987,521,,,,
4,12,Ayrton Senna,Lotus Honda,1:24.907,1987,521,,,,
5,1,Alain Prost,McLaren TAG,1:24.946,1987,521,,,,
6,20,Thierry Boutsen,Benetton Ford,1:25.004,1987,521,,,,
7,19,Teo Fabi,Benetton Ford,1:25.020,1987,521,,,,
8,27,Michele Alboreto,Ferrari,1:25.247,1987,521,,,,
9,7,Riccardo Patrese,Brabham BMW,1:25.525,1987,521,,,,
10,8,Andrea de Cesaris,Brabham BMW,1:26.802,1987,521,,,,
11,2,Stefan Johansson,McLaren TAG,1:27.031,1987,521,,,,
12,17,Derek Warwick,Arrows Megatron,1:27.543,1987,521,,,,
13,18,Eddie Cheever,Arrows Megatron,1:28.022,1987,521,,,,
14,11,Satoru Nakajima,Lotus Honda,1:28.160,1987,521,,,,
15,25,Rene Arnoux,Ligier Megatron,1:28.946,1987,521,,,,
16,10,Christian Danner,Zakspeed,1:29.465,1987,521,,,,
17,9,Martin Brundle,Zakspeed,1:29.725,1987,521,,,,
18,24,Alessandro Nannini,Minardi Motori Moderni,1:29.738,1987,521,,,,
19,26,Piercarlo Ghinzani,Ligier Megatron,1:29.898,1987,521,,,,
20,23,Adrian Campos,Minardi Motori Moderni,1:30.782,1987,521,,,,
21,21,Alex Caffi,Osella Alfa Romeo,1:31.029,1987,521,,,,
22,3,Jonathan Palmer,Tyrrell Ford,1:33.028,1987,521,,,,
23,30,Philippe Alliot,Lola Ford,1:33.170,1987,521,,,,
24,4,Philippe Streiff,Tyrrell Ford,1:33.264,1987,521,,,,
25,16,Ivan Capelli,March Ford,1:33.311,1987,521,,,,
26,22,Franco Forini,Osella Alfa Romeo,1:33.816,1987,521,,,,
27,32,Nicola Larini,Coloni Ford,1:35.721,1987,521,,,,
28,14,Pascal Fabre,AGS Ford,1:36.679,1987,521,,,,
1,12,Ayrton Senna,McLaren Honda,1:25.974,1988,538,,,,
2,11,Alain Prost,McLaren Honda,1:26.277,1988,538,,,,
3,28,Gerhard Berger,Ferrari,1:26.654,1988,538,,,,
4,27,Michele Alboreto,Ferrari,1:26.988,1988,538,,,,
5,18,Eddie Cheever,Arrows Megatron,1:27.660,1988,538,,,,
6,17,Derek Warwick,Arrows Megatron,1:27.815,1988,538,,,,
7,1,Nelson Piquet,Lotus Honda,1:28.044,1988,538,,,,
8,20,Thierry Boutsen,Benetton Ford,1:28.870,1988,538,,,,
9,19,Alessandro Nannini,Benetton Ford,1:28.958,1988,538,,,,
10,6,Riccardo Patrese,Williams Judd,1:29.435,1988,538,,,,
11,16,Ivan Capelli,March Judd,1:29.513,1988,538,,,,
12,2,Satoru Nakajima,Lotus Honda,1:29.541,1988,538,,,,
13,15,Mauricio Gugelmin,March Judd,1:30.035,1988,538,,,,
14,23,Pierluigi Martini,Minardi Ford,1:30.125,1988,538,,,,
15,10,Bernd Schneider,Zakspeed,1:30.161,1988,538,,,,
16,9,Piercarlo Ghinzani,Zakspeed,1:30.476,1988,538,,,,
17,21,Nicola Larini,Osella,1:30.481,1988,538,,,,
18,22,Andrea de Cesaris,Rial Ford,1:30.560,1988,538,,,,
19,24,Luis Perez-Sala,Minardi Ford,1:30.698,1988,538,,,,
20,30,Philippe Alliot,Lola Ford,1:30.962,1988,538,,,,
21,36,Alex Caffi,Dallara Ford,1:30.989,1988,538,,,,
22,5,Jean Louis Schlesser,Williams Judd,1:31.548,1988,538,,,,
23,14,Philippe Streiff,AGS Ford,1:31.676,1988,538,,,,
24,25,Rene Arnoux,Ligier Judd,1:32.049,1988,538,,,,
25,29,Yannick Dalmas,Lola Ford,1:32.164,1988,538,,,,
26,4,Julian Bailey,Tyrrell Ford,1:32.290,1988,538,,,,
27,3,Jonathan Palmer,Tyrrell Ford,1:32.405,1988,538,,,,
28,26,Stefan Johansson,Ligier Judd,1:32.438,1988,538,,,,
29,31,Gabriele Tarquini,Coloni Ford,1:32.829,1988,538,,,,
30,33,Stefano Modena,Euro Brun Ford,1:33.226,1988,538,,,,
1,30,Philippe Alliot,Lola Lamborghini,1:26.623,1989,554,,,,
1,1,Ayrton Senna,McLaren Honda,1:23.720,1989,554,,,,
2,28,Gerhard Berger,Ferrari,1:24.734,1989,554,,,,
2,29,Michele Alboreto,Lola Lamborghini,1:27.829,1989,554,,,,
3,27,Nigel Mansell,Ferrari,1:24.739,1989,554,,,,
3,17,Nicola Larini,Osella Ford,1:27.980,1989,554,,,,
4,37,Bertrand Gachot,Onyx Ford,1:28.344,1989,554,,,,
4,2,Alain Prost,McLaren Honda,1:25.510,1989,554,,,,
5,36,Stefan Johansson,Onyx Ford,1:28.588,1989,554,,,,
5,6,Riccardo Patrese,Williams Renault,1:25.545,1989,554,,,,
6,5,Thierry Boutsen,Williams Renault,1:26.155,1989,554,,,,
6,40,Gabriele Tarquini,AGS Ford,1:28.813,1989,554,,,,
7,31,Roberto Moreno,Coloni Ford,1:28.864,1989,554,,,,
8,18,Piercarlo Ghinzani,Osella Ford,1:28.884,1989,554,,,,
8,19,Alessandro Nannini,Benetton Ford,1:27.052,1989,554,,,,
9,20,Emanuele Pirro,Benetton Ford,1:27.397,1989,554,,,,
9,34,Bernd Schneider,Zakspeed Yamaha,1:29.472,1989,554,,,,
10,35,Aguri Suzuki,Zakspeed Yamaha,1:30.085,1989,554,,,,
10,4,Jean Alesi,Tyrrell Ford,1:27.399,1989,554,,,,
11,11,Nelson Piquet,Lotus Judd,1:27.508,1989,554,,,,
11,33,Oscar Larrauri,Euro Brun Judd,1:30.089,1989,554,,,,
12,41,Yannick Dalmas,AGS Ford,1:30.382,1989,554,,,,
12,7,Martin Brundle,Brabham Judd,1:27.627,1989,554,,,,
13,32,Enrico Bertaggia,Coloni Ford,1:31.606,1989,554,,,,
14,3,Jonathan Palmer,Tyrrell Ford,1:27.822,1989,554,,,,
15,23,Pierluigi Martini,Minardi Ford,1:27.923,1989,554,,,,
16,9,Derek Warwick,Arrows Ford,1:28.092,1989,554,,,,
17,22,Andrea de Cesaris,Dallara Ford,1:28.129,1989,554,,,,
18,16,Ivan Capelli,March Judd,1:28.430,1989,554,,,,
19,12,Satoru Nakajima,Lotus Judd,1:28.441,1989,554,,,,
20,21,Alex Caffi,Dallara Ford,1:28.596,1989,554,,,,
21,26,Olivier Grouillard,Ligier Ford,1:28.669,1989,554,,,,
23,25,Rene Arnoux,Ligier Ford,1:28.685,1989,554,,,,
25,15,Mauricio Gugelmin,March Judd,1:28.923,1989,554,,,,
26,24,Luis Perez-Sala,Minardi Ford,1:29.293,1989,554,,,,
27,10,Eddie Cheever,Arrows Ford,1:29.554,1989,554,,,,
28,38,Christian Danner,Rial Ford,1:31.830,1989,554,,,,
29,39,Pierre Henri Raphanel,Rial Ford,1:36.295,1989,554,,,,
1,14,Olivier Grouillard,Osella Ford,1:26.947,1990,75,,,,
1,27,Ayrton Senna,McLaren Honda,1:22.533,1990,75,,,,
2,1,Alain Prost,Ferrari,1:22.935,1990,75,,,,
2,31,Bertrand Gachot,Coloni Ford,1:27.594,1990,75,,,,
3,17,Gabriele Tarquini,AGS Ford,1:27.773,1990,75,,,,
3,28,Gerhard Berger,McLaren Honda,1:22.936,1990,75,,,,
4,2,Nigel Mansell,Ferrari,1:23.141,1990,75,,,,
4,18,Yannick Dalmas,AGS Ford,1:28.132,1990,75,,,,
5,33,Roberto Moreno,Euro Brun Judd,1:28.703,1990,75,,,,
5,4,Jean Alesi,Tyrrell Ford,1:23.526,1990,75,,,,
6,5,Thierry Boutsen,Williams Renault,1:23.984,1990,75,,,,
6,34,Claudio Langes,Euro Brun Judd,1:35.061,1990,75,,,,
7,39,Bruno Giacomelli,Life,1:55.244,1990,75,,,,
7,6,Riccardo Patrese,Williams Renault,1:24.253,1990,75,,,,
8,19,Alessandro Nannini,Benetton Ford,1:24.583,1990,75,,,,
9,20,Nelson Piquet,Benetton Ford,1:24.699,1990,75,,,,
10,15,Mauricio Gugelmin,Leyton House Judd,1:25.556,1990,75,,,,
11,12,Martin Donnelly,Lotus Lamborghini,1:25.629,1990,75,,,,
12,11,Derek Warwick,Lotus Lamborghini,1:25.677,1990,75,,,,
13,29,Eric Bernard,Lola Lamborghini,1:25.927,1990,75,,,,
14,3,Satoru Nakajima,Tyrrell Ford,1:26.081,1990,75,,,,
15,23,Pierluigi Martini,Minardi Ford,1:26.330,1990,75,,,,
16,16,Ivan Capelli,Leyton House Judd,1:26.712,1990,75,,,,
17,8,Stefano Modena,Brabham Judd,1:26.950,1990,75,,,,
18,30,Aguri Suzuki,Lola Lamborghini,1:26.962,1990,75,,,,
19,21,Emanuele Pirro,Dallara Ford,1:26.964,1990,75,,,,
20,26,Philippe Alliot,Ligier Ford,1:27.043,1990,75,,,,
21,10,Alex Caffi,Arrows Ford,1:27.410,1990,75,,,,
22,9,Michele Alboreto,Arrows Ford,1:27.448,1990,75,,,,
25,22,Andrea de Cesaris,Dallara Ford,1:27.749,1990,75,,,,
26,25,Nicola Larini,Ligier Ford,1:27.937,1990,75,,,,
28,24,Paolo Barilla,Minardi Ford,1:28.258,1990,75,,,,
29,7,David Brabham,Brabham Judd,1:28.382,1990,75,,,,
1,1,Ayrton Senna,McLaren Honda,1:21.114,1991,570,,,,
1,8,Mark Blundell,Brabham Yamaha,1:24.271,1991,570,,,,
2,5,Nigel Mansell,Williams Renault,1:21.247,1991,570,,,,
2,7,Martin Brundle,Brabham Yamaha,1:25.117,1991,570,,,,
3,2,Gerhard Berger,McLaren Honda,1:21.346,1991,570,,,,
3,14,Olivier Grouillard,Fondmetal Ford,1:25.556,1991,570,,,,
4,6,Riccardo Patrese,Williams Renault,1:21.372,1991,570,,,,
4,9,Michele Alboreto,Footwork Porsche,1:25.771,1991,570,,,,
5,27,Alain Prost,Ferrari,1:21.825,1991,570,,,,
5,18,Fabrizio Barbazza,AGS Ford,1:27.392,1991,570,,,,
6,17,Gabriele Tarquini,AGS Ford,1:27.401,1991,570,,,,
6,28,Jean Alesi,Ferrari,1:21.890,1991,570,,,,
7,19,Michael Schumacher,Benetton Ford,1:22.471,1991,570,,,,
7,10,Alex Caffi,Footwork Porsche,1:27.608,1991,570,,,,
8,20,Nelson Piquet,Benetton Ford,1:22.726,1991,570,,,,
9,32,Roberto Moreno,Jordan Ford,1:23.102,1991,570,,,,
10,23,Pierluigi Martini,Minardi Ferrari,1:23.294,1991,570,,,,
12,16,Ivan Capelli,Leyton House Ilmor,1:23.674,1991,570,,,,
13,4,Stefano Modena,Tyrrell Honda,1:23.701,1991,570,,,,
14,33,Andrea de Cesaris,Jordan Ford,1:23.921,1991,570,,,,
15,3,Satoru Nakajima,Tyrrell Honda,1:24.265,1991,570,,,,
16,21,Emanuele Pirro,Dallara Judd,1:24.282,1991,570,,,,
17,24,Gianni Morbidelli,Minardi Ferrari,1:24.287,1991,570,,,,
18,15,Mauricio Gugelmin,Leyton House Ilmor,1:24.391,1991,570,,,,
20,22,Jyrki Jarvilehto,Dallara Judd,1:24.725,1991,570,,,,
21,25,Thierry Boutsen,Ligier Lamborghini,1:25.177,1991,570,,,,
22,26,Erik Comas,Ligier Lamborghini,1:25.420,1991,570,,,,
23,34,Nicola Larini,Lambo Lamborghini,1:25.717,1991,570,,,,
24,29,Eric Bernard,Lola Ford,1:25.871,1991,570,,,,
25,11,Mika Hakkinen,Lotus Judd,1:25.941,1991,570,,,,
28,12,Michael Bartels,Lotus Judd,1:26.829,1991,570,,,,
29,35,Eric van de Poele,Lambo Lamborghini,1:27.099,1991,570,,,,
30,30,Aguri Suzuki,Lola Ford,1:27.257,1991,570,,,,
1,5,Nigel Mansell,Williams Renault,1:22.221,1992,586,,,,
2,1,Ayrton Senna,McLaren Honda,1:22.822,1992,586,,,,
3,27,Jean Alesi,Ferrari,1:22.976,1992,586,,,,
4,6,Riccardo Patrese,Williams Renault,1:23.022,1992,586,,,,
5,2,Gerhard Berger,McLaren Honda,1:23.112,1992,586,,,,
6,19,Michael Schumacher,Benetton Ford,1:23.629,1992,586,,,,
7,28,Ivan Capelli,Ferrari,1:24.321,1992,586,,,,
8,25,Thierry Boutsen,Ligier Renault,1:24.413,1992,586,,,,
9,20,Martin Brundle,Benetton Ford,1:24.551,1992,586,,,,
10,29,Bertrand Gachot,Venturi Lamborghini,1:24.654,1992,586,,,,
11,11,Mika Hakkinen,Lotus Ford,1:24.807,1992,586,,,,
12,24,Gianni Morbidelli,Minardi Lamborghini,1:24.912,1992,586,,,,
13,12,Johnny Herbert,Lotus Ford,1:25.140,1992,586,,,,
14,21,Jyrki Jarvilehto,Dallara Ferrari,1:25.145,1992,586,,,,
15,26,Erik Comas,Ligier Renault,1:25.178,1992,586,,,,
16,9,Michele Alboreto,Footwork Mugen Honda,1:25.234,1992,586,,,,
17,16,Karl Wendlinger,March Ilmor,1:25.343,1992,586,,,,
18,3,Olivier Grouillard,Tyrrell Ilmor,1:25.354,1992,586,,,,
19,10,Aguri Suzuki,Footwork Mugen Honda,1:25.374,1992,586,,,,
20,15,Gabriele Tarquini,Fondmetal Ford,1:25.420,1992,586,,,,
21,4,Andrea de Cesaris,Tyrrell Ilmor,1:25.425,1992,586,,,,
22,22,Pierluigi Martini,Dallara Ferrari,1:25.528,1992,586,,,,
23,30,Ukyo Katayama,Venturi Lamborghini,1:26.174,1992,586,,,,
24,17,Emanuele Naspetti,March Ilmor,1:26.279,1992,586,,,,
25,14,Eric van de Poele,Fondmetal Ford,1:26.407,1992,586,,,,
26,33,Mauricio Gugelmin,Jordan Yamaha,1:26.463,1992,586,,,,
27,23,Christian Fittipaldi,Minardi Lamborghini,1:26.510,1992,586,,,,
28,32,Stefano Modena,Jordan Yamaha,1:27.331,1992,586,,,,
1,2,Alain Prost,Williams Renault,1:21.179,1993,601,,,,
2,0,Damon Hill,Williams Renault,1:21.491,1993,601,,,,
3,27,Jean Alesi,Ferrari,1:21.986,1993,601,,,,
4,8,Ayrton Senna,McLaren Ford,1:22.633,1993,601,,,,
5,5,Michael Schumacher,Benetton Ford,1:22.910,1993,601,,,,
6,28,Gerhard Berger,Ferrari,1:23.150,1993,601,,,,
7,12,Johnny Herbert,Lotus Ford,1:23.769,1993,601,,,,
8,10,Aguri Suzuki,Footwork Mugen Honda,1:23.856,1993,601,,,,
9,7,Michael Andretti,McLaren Ford,1:23.899,1993,601,,,,
10,6,Riccardo Patrese,Benetton Ford,1:23.918,1993,601,,,,
11,9,Derek Warwick,Footwork Mugen Honda,1:24.048,1993,601,,,,
12,25,Martin Brundle,Ligier Renault,1:24.137,1993,601,,,,
13,30,Jyrki Jarvilehto,Sauber,1:24.298,1993,601,,,,
14,26,Mark Blundell,Ligier Renault,1:24.344,1993,601,,,,
15,29,Karl Wendlinger,Sauber,1:24.473,1993,601,,,,
16,19,Philippe Alliot,Larrousse Lamborghini,1:24.807,1993,601,,,,
17,3,Ukyo Katayama,Tyrrell Yamaha,1:24.886,1993,601,,,,
18,4,Andrea de Cesaris,Tyrrell Yamaha,1:24.916,1993,601,,,,
19,14,Rubens Barrichello,Jordan Hart,1:25.144,1993,601,,,,
20,20,Erik Comas,Larrousse Lamborghini,1:25.257,1993,601,,,,
21,21,Michele Alboreto,Lola Ferrari,1:25.368,1993,601,,,,
22,24,Pierluigi Martini,Minardi Ford,1:25.478,1993,601,,,,
23,15,Marco Apicella,Jordan Hart,1:25.672,1993,601,,,,
24,23,Christian Fittipaldi,Minardi Ford,1:25.699,1993,601,,,,
25,22,Luca Badoer,Lola Ferrari,1:25.957,1993,601,,,,
26,11,Pedro Lamy,Lotus Ford,1:26.324,1993,601,,,,
1,27,Jean Alesi,Ferrari,1:23.844,1994,616,19.0,,,
2,28,Gerhard Berger,Ferrari,1:23.978,1994,616,24.0,,,
3,0,Damon Hill,Williams Renault,1:24.158,1994,616,21.0,,,
4,12,Johnny Herbert,Lotus Mugen Honda,1:24.374,1994,616,23.0,,,
5,2,David Coulthard,Williams Renault,1:24.502,1994,616,21.0,,,
6,26,Olivier Panis,Ligier Renault,1:25.455,1994,616,23.0,,,
7,7,Mika Hakkinen,McLaren Peugeot,1:25.528,1994,616,24.0,,,
8,29,Andrea de Cesaris,Sauber Mercedes,1:25.540,1994,616,23.0,,,
9,15,Eddie Irvine,Jordan Hart,1:25.568,1994,616,12.0,,,
10,6,Jos Verstappen,Benetton Ford,1:25.618,1994,616,18.0,,,
11,30,Heinz-Harald Frentzen,Sauber Mercedes,1:25.628,1994,616,20.0,,,
12,25,Eric Bernard,Ligier Renault,1:25.718,1994,616,20.0,,,
13,11,Alessandro Zanardi,Lotus Mugen Honda,1:25.733,1994,616,23.0,,,
14,3,Ukyo Katayama,Tyrrell Yamaha,1:25.889,1994,616,23.0,,,
15,8,Martin Brundle,McLaren Peugeot,1:25.933,1994,616,23.0,,,
16,14,Rubens Barrichello,Jordan Hart,1:25.946,1994,616,20.0,,,
17,10,Gianni Morbidelli,Footwork Ford,1:26.002,1994,616,24.0,,,
18,23,Pierluigi Martini,Minardi Ford,1:26.056,1994,616,14.0,,,
19,9,Christian Fittipaldi,Footwork Ford,1:26.337,1994,616,24.0,,,
20,5,Jyrki Jarvilehto,Benetton Ford,1:26.384,1994,616,24.0,,,
21,4,Mark Blundell,Tyrrell Yamaha,1:26.574,1994,616,18.0,,,
22,24,Michele Alboreto,Minardi Ford,1:26.832,1994,616,17.0,,,
23,19,Yannick Dalmas,Larrousse Ford,1:27.846,1994,616,21.0,,,
24,20,Erik Comas,Larrousse Ford,1:27.894,1994,616,15.0,,,
25,32,Jean-Marc Gounon,Simtek Ford,1:28.353,1994,616,23.0,,,
26,31,David Brabham,Simtek Ford,1:28.619,1994,616,17.0,,,
27,34,Bertrand Gachot,Pacific Ilmor,1:31.387,1994,616,18.0,,,
28,33,Paul Belmondo,Pacific Ilmor,1:32.035,1994,616,12.0,,,
1,6,David Coulthard,Williams Renault,1:24.462,1995,632,24.0,,,
2,1,Michael Schumacher,Benetton Renault,1:25.026,1995,632,22.0,,,
3,28,Gerhard Berger,Ferrari,1:25.353,1995,632,15.0,,,
4,5,Damon Hill,Williams Renault,1:25.699,1995,632,23.0,,,
5,27,Jean Alesi,Ferrari,1:25.707,1995,632,22.0,,,
6,14,Rubens Barrichello,Jordan Peugeot,1:25.919,1995,632,24.0,,,
7,8,Mika Hakkinen,McLaren Mercedes,1:25.920,1995,632,18.0,,,
8,2,Johnny Herbert,Benetton Renault,1:26.433,1995,632,24.0,,,
9,7,Mark Blundell,McLaren Mercedes,1:26.472,1995,632,24.0,,,
10,30,Heinz-Harald Frentzen,Sauber Ford,1:26.541,1995,632,24.0,,,
11,25,Martin Brundle,Ligier Mugen Honda,1:27.067,1995,632,24.0,,,
12,15,Eddie Irvine,Jordan Peugeot,1:27.271,1995,632,23.0,,,
13,26,Olivier Panis,Ligier Mugen Honda,1:27.384,1995,632,16.0,,,
14,29,Jean-Christophe Boullion,Sauber Ford,1:28.741,1995,632,20.0,,,
15,9,Massimiliano Papis,Footwork Hart,1:28.870,1995,632,11.0,,,
16,4,Mika Salo,Tyrrell Yamaha,1:29.028,1995,632,24.0,,,
17,3,Ukyo Katayama,Tyrrell Yamaha,1:29.287,1995,632,19.0,,,
18,24,Luca Badoer,Minardi Ford,1:29.559,1995,632,20.0,,,
19,23,Pedro Lamy,Minardi Ford,1:29.936,1995,632,15.0,,,
20,10,Taki Inoue,Footwork Hart,1:30.515,1995,632,21.0,,,
21,17,Andrea Montermini,Pacific Ilmor,1:30.721,1995,632,24.0,,,
22,22,Roberto Moreno,Forti Ford,1:30.834,1995,632,23.0,,,
23,21,Pedro Diniz,Forti Ford,1:32.102,1995,632,22.0,,,
24,16,Giovanni Lavaggi,Pacific Ilmor,1:32.470,1995,632,23.0,,,
1,5,Damon Hill,Williams Renault,1:24.204,1996,651,12.0,,,
2,6,Jacques Villeneuve,Williams Renault,1:24.521,1996,651,11.0,,,
3,1,Michael Schumacher,Ferrari,1:24.781,1996,651,9.0,,,
4,7,Mika Hakkinen,McLaren Mercedes,1:24.939,1996,651,11.0,,,
5,8,David Coulthard,McLaren Mercedes,1:24.976,1996,651,11.0,,,
6,3,Jean Alesi,Benetton Renault,1:25.201,1996,651,11.0,,,
7,2,Eddie Irvine,Ferrari,1:25.226,1996,651,12.0,,,
8,4,Gerhard Berger,Benetton Renault,1:25.470,1996,651,12.0,,,
9,12,Martin Brundle,Jordan Peugeot,1:26.037,1996,651,12.0,,,
10,11,Rubens Barrichello,Jordan Peugeot,1:26.194,1996,651,12.0,,,
11,9,Olivier Panis,Ligier Mugen Honda,1:26.206,1996,651,9.0,,,
12,14,Johnny Herbert,Sauber Ford,1:26.345,1996,651,12.0,,,
13,15,Heinz-Harald Frentzen,Sauber Ford,1:26.505,1996,651,9.0,,,
14,10,Pedro Diniz,Ligier Mugen Honda,1:26.726,1996,651,11.0,,,
15,17,Jos Verstappen,Footwork Hart,1:27.270,1996,651,9.0,,,
16,18,Ukyo Katayama,Tyrrell Yamaha,1:28.234,1996,651,12.0,,,
17,19,Mika Salo,Tyrrell Yamaha,1:28.472,1996,651,7.0,,,
18,20,Pedro Lamy,Minardi Ford,1:28.933,1996,651,12.0,,,
19,16,Ricardo Rosset,Footwork Hart,1:29.181,1996,651,7.0,,,
20,21,Giovanni Lavaggi,Minardi Ford,1:29.833,1996,651,12.0,,,
1,7,Jean Alesi,Benetton Renault,1:22.990,1997,666,10.0,,,
2,4,Heinz-Harald Frentzen,Williams Renault,1:23.042,1997,666,11.0,,,
3,12,Giancarlo Fisichella,Jordan Peugeot,1:23.066,1997,666,12.0,,,
4,3,Jacques Villeneuve,Williams Renault,1:23.231,1997,666,11.0,,,
5,9,Mika Hakkinen,McLaren Mercedes,1:23.340,1997,666,10.0,,,
6,10,David Coulthard,McLaren Mercedes,1:23.347,1997,666,11.0,,,
7,8,Gerhard Berger,Benetton Renault,1:23.443,1997,666,11.0,,,
8,11,Ralf Schumacher,Jordan Peugeot,1:23.603,1997,666,11.0,,,
9,5,Michael Schumacher,Ferrari,1:23.624,1997,666,12.0,,,
10,6,Eddie Irvine,Ferrari,1:23.891,1997,666,12.0,,,
11,22,Rubens Barrichello,Stewart Ford,1:24.177,1997,666,11.0,,,
12,16,Johnny Herbert,Sauber Petronas,1:24.242,1997,666,11.0,,,
13,23,Jan Magnussen,Stewart Ford,1:24.394,1997,666,11.0,,,
14,1,Damon Hill,Arrows Yamaha,1:24.482,1997,666,12.0,,,
15,15,Shinji Nakano,Prost Mugen Honda,1:24.553,1997,666,11.0,,,
16,14,Jarno Trulli,Prost Mugen Honda,1:24.567,1997,666,12.0,,,
17,2,Pedro Diniz,Arrows Yamaha,1:24.639,1997,666,12.0,,,
18,17,Gianni Morbidelli,Sauber Petronas,1:24.735,1997,666,11.0,,,
19,19,Mika Salo,Tyrrell Ford,1:25.693,1997,666,8.0,,,
20,18,Jos Verstappen,Tyrrell Ford,1:25.845,1997,666,12.0,,,
21,20,Ukyo Katayama,Minardi Hart,1:26.655,1997,666,10.0,,,
22,21,Tarso Marques,Minardi Hart,1:27.677,1997,666,10.0,,,
1,3,Michael Schumacher,Ferrari,1:25.289,1998,684,9.0,,,
2,1,Jacques Villeneuve,Williams Mecachrome,1:25.561,1998,684,12.0,,,
3,8,Mika Hakkinen,McLaren Mercedes,1:25.679,1998,684,10.0,,,
4,7,David Coulthard,McLaren Mercedes,1:25.987,1998,684,11.0,,,
5,4,Eddie Irvine,Ferrari,1:26.159,1998,684,11.0,,,
6,10,Ralf Schumacher,Jordan Mugen Honda,1:26.309,1998,684,11.0,,,
7,6,Alexander Wurz,Benetton Playlife,1:26.567,1998,684,10.0,,,
8,14,Jean Alesi,Sauber Petronas,1:26.637,1998,684,12.0,,,
9,11,Olivier Panis,Prost Peugeot,1:26.681,1998,684,11.0,,,
10,12,Jarno Trulli,Prost Peugeot,1:26.794,1998,684,12.0,,,
11,5,Giancarlo Fisichella,Benetton Playlife,1:26.817,1998,684,10.0,,,
12,2,Heinz-Harald Frentzen,Williams Mecachrome,1:26.836,1998,684,10.0,,,
13,18,Rubens Barrichello,Stewart Ford,1:27.247,1998,684,10.0,,,
14,9,Damon Hill,Jordan Mugen Honda,1:27.362,1998,684,12.0,,,
15,15,Johnny Herbert,Sauber Petronas,1:27.510,1998,684,9.0,,,
16,17,Mika Salo,Arrows,1:27.744,1998,684,9.0,,,
17,19,Jos Verstappen,Stewart Ford,1:28.212,1998,684,11.0,,,
18,20,Ricardo Rosset,Tyrrell Ford,1:28.286,1998,684,12.0,,,
19,21,Toranosuke Takagi,Tyrrell Ford,1:28.346,1998,684,8.0,,,
20,16,Pedro Diniz,Arrows,1:28.387,1998,684,9.0,,,
21,22,Shinji Nakano,Minardi Ford,1:29.101,1998,684,9.0,,,
22,23,Esteban Tuero,Minardi Ford,1:29.417,1998,684,12.0,,,
1,1,Mika Hakkinen,McLaren Mercedes,1:22.432,1999,699,10.0,,,
2,8,Heinz-Harald Frentzen,Jordan Mugen Honda,1:22.926,1999,699,11.0,,,
3,2,David Coulthard,McLaren Mercedes,1:23.177,1999,699,12.0,,,
4,5,Alessandro Zanardi,Williams Supertec,1:23.432,1999,699,12.0,,,
5,6,Ralf Schumacher,Williams Supertec,1:23.636,1999,699,12.0,,,
6,3,Mika Salo,Ferrari,1:23.657,1999,699,12.0,,,
7,16,Rubens Barrichello,Stewart Ford,1:23.739,1999,699,11.0,,,
8,4,Eddie Irvine,Ferrari,1:23.765,1999,699,12.0,,,
9,7,Damon Hill,Jordan Mugen Honda,1:23.979,1999,699,11.0,,,
10,18,Olivier Panis,Prost Peugeot,1:24.016,1999,699,12.0,,,
11,22,Jacques Villeneuve,BAR Supertec,1:24.188,1999,699,11.0,,,
12,19,Jarno Trulli,Prost Peugeot,1:24.293,1999,699,11.0,,,
13,11,Jean Alesi,Sauber Petronas,1:24.591,1999,699,12.0,,,
14,10,Alexander Wurz,Benetton Playlife,1:24.593,1999,699,12.0,,,
15,17,Johnny Herbert,Stewart Ford,1:24.594,1999,699,12.0,,,
16,12,Pedro Diniz,Sauber Petronas,1:24.596,1999,699,11.0,,,
17,9,Giancarlo Fisichella,Benetton Playlife,1:24.862,1999,699,12.0,,,
18,23,Ricardo Zonta,BAR Supertec,1:25.114,1999,699,12.0,,,
19,20,Luca Badoer,Minardi Ford,1:25.348,1999,699,11.0,,,
20,21,Marc Gene,Minardi Ford,1:25.695,1999,699,12.0,,,
21,14,Pedro de la Rosa,Arrows,1:26.383,1999,699,11.0,,,
22,15,Toranosuke Takagi,Arrows,1:26.509,1999,699,12.0,,,
1,3,Michael Schumacher,Ferrari,1:23.770,2000,60,10.0,,,
2,4,Rubens Barrichello,Ferrari,1:23.797,2000,60,12.0,,,
3,1,Mika Hakkinen,McLaren Mercedes,1:23.967,2000,60,12.0,,,
4,22,Jacques Villeneuve,BAR Honda,1:24.238,2000,60,12.0,,,
5,2,David Coulthard,McLaren Mercedes,1:24.290,2000,60,12.0,,,
6,6,Jarno Trulli,Jordan Mugen Honda,1:24.477,2000,60,12.0,,,
7,9,Ralf Schumacher,Williams BMW,1:24.516,2000,60,10.0,,,
8,5,Heinz-Harald Frentzen,Jordan Mugen Honda,1:24.786,2000,60,12.0,,,
9,11,Giancarlo Fisichella,Benetton Playlife,1:24.789,2000,60,12.0,,,
10,18,Pedro de la Rosa,Arrows Supertec,1:24.814,2000,60,12.0,,,
11,19,Jos Verstappen,Arrows Supertec,1:24.820,2000,60,11.0,,,
12,10,Jenson Button,Williams BMW,1:24.907,2000,60,12.0,,,
13,12,Alexander Wurz,Benetton Playlife,1:25.150,2000,60,10.0,,,
14,7,Eddie Irvine,Jaguar Cosworth,1:25.251,2000,60,12.0,,,
15,17,Mika Salo,Sauber Petronas,1:25.322,2000,60,11.0,,,
16,16,Pedro Diniz,Sauber Petronas,1:25.324,2000,60,11.0,,,
17,23,Ricardo Zonta,BAR Honda,1:25.337,2000,60,11.0,,,
18,8,Johnny Herbert,Jaguar Cosworth,1:25.388,2000,60,12.0,,,
19,14,Jean Alesi,Prost Peugeot,1:25.558,2000,60,12.0,,,
20,15,Nick Heidfeld,Prost Peugeot,1:25.625,2000,60,12.0,,,
21,20,Marc Gene,Minardi Fondmetal,1:26.336,2000,60,12.0,,,
22,21,Gaston Mazzacane,Minardi Fondmetal,1:27.360,2000,60,12.0,,,
1,6,Juan Pablo Montoya,Williams BMW,1:22.216,2001,717,12.0,,,
2,2,Rubens Barrichello,Ferrari,1:22.528,2001,717,11.0,,,
3,1,Michael Schumacher,Ferrari,1:22.624,2001,717,10.0,,,
4,5,Ralf Schumacher,Williams BMW,1:22.841,2001,717,12.0,,,
5,11,Jarno Trulli,Jordan Honda,1:23.126,2001,717,12.0,,,
6,4,David Coulthard,McLaren Mercedes,1:23.148,2001,717,12.0,,,
7,3,Mika Hakkinen,McLaren Mercedes,1:23.394,2001,717,11.0,,,
8,16,Nick Heidfeld,Sauber Petronas,1:23.417,2001,717,12.0,,,
9,17,Kimi Räikkönen,Sauber Petronas,1:23.595,2001,717,11.0,,,
10,19,Pedro de la Rosa,Jaguar Cosworth,1:23.693,2001,717,11.0,,,
11,8,Jenson Button,Benetton Renault,1:23.892,2001,717,12.0,,,
12,22,Heinz-Harald Frentzen,Prost Acer,1:23.943,2001,717,12.0,,,
13,18,Eddie Irvine,Jaguar Cosworth,1:24.031,2001,717,10.0,,,
14,7,Giancarlo Fisichella,Benetton Renault,1:24.090,2001,717,9.0,,,
15,10,Jacques Villeneuve,BAR Honda,1:24.164,2001,717,12.0,,,
16,12,Jean Alesi,Jordan Honda,1:24.198,2001,717,12.0,,,
17,9,Olivier Panis,BAR Honda,1:24.677,2001,717,11.0,,,
18,15,Enrique Bernoldi,Arrows Asiatech,1:25.444,2001,717,12.0,,,
19,14,Jos Verstappen,Arrows Asiatech,1:25.511,2001,717,12.0,,,
20,23,Tomas Enge,Prost Acer,1:26.039,2001,717,9.0,,,
21,21,Fernando Alonso,Minardi European,1:26.218,2001,717,9.0,,,
22,20,Alex Yoong,Minardi European,1:27.463,2001,717,11.0,,,
1,6,Juan Pablo Montoya,Williams BMW,1:20.264,2002,734,11.0,,,
2,1,Michael Schumacher,Ferrari,1:20.521,2002,734,12.0,,,
3,5,Ralf Schumacher,Williams BMW,1:20.542,2002,734,12.0,,,
4,2,Rubens Barrichello,Ferrari,1:20.706,2002,734,12.0,,,
5,16,Eddie Irvine,Jaguar Cosworth,1:21.606,2002,734,12.0,,,
6,4,Kimi Räikkönen,McLaren Mercedes,1:21.712,2002,734,9.0,,,
7,3,David Coulthard,McLaren Mercedes,1:21.803,2002,734,12.0,,,
8,17,Pedro de la Rosa,Jaguar Cosworth,1:21.960,2002,734,12.0,,,
9,11,Jacques Villeneuve,BAR Honda,1:22.126,2002,734,11.0,,,
10,24,Mika Salo,Toyota,1:22.318,2002,734,12.0,,,
11,14,Jarno Trulli,Renault,1:22.383,2002,734,11.0,,,
12,9,Giancarlo Fisichella,Jordan Honda,1:22.515,2002,734,11.0,,,
13,25,Allan McNish,Toyota,1:22.521,2002,734,10.0,,,
14,8,Felipe Massa,Sauber Petronas,1:22.565,2002,734,12.0,,,
15,7,Nick Heidfeld,Sauber Petronas,1:22.601,2002,734,10.0,,,
16,12,Olivier Panis,BAR Honda,1:22.645,2002,734,10.0,,,
17,15,Jenson Button,Renault,1:22.714,2002,734,12.0,,,
18,10,Takuma Sato,Jordan Honda,1:23.166,2002,734,9.0,,,
19,23,Mark Webber,Minardi Asiatech,1:23.794,2002,734,11.0,,,
20,22,Alex Yoong,Minardi Asiatech,1:25.111,2002,734,12.0,,,
1,1,Michael Schumacher,Ferrari,1:20.963,2003,750,3.0,,,
2,3,Juan Pablo Montoya,Williams BMW,1:21.014,2003,750,3.0,,,
3,2,Rubens Barrichello,Ferrari,1:21.242,2003,750,3.0,,,
4,6,Kimi Räikkönen,McLaren Mercedes,1:21.466,2003,750,3.0,,,
5,4,Marc Gene,Williams BMW,1:21.834,2003,750,3.0,,,
6,7,Jarno Trulli,Renault,1:21.944,2003,750,3.0,,,
7,17,Jenson Button,BAR Honda,1:22.301,2003,750,3.0,,,
8,5,David Coulthard,McLaren Mercedes,1:22.471,2003,750,3.0,,,
9,20,Olivier Panis,Toyota,1:22.488,2003,750,3.0,,,
10,16,Jacques Villeneuve,BAR Honda,1:22.717,2003,750,3.0,,,
11,14,Mark Webber,Jaguar Cosworth,1:22.754,2003,750,3.0,,,
12,21,Cristiano da Matta,Toyota,1:22.914,2003,750,3.0,,,
13,11,Giancarlo Fisichella,Jordan Ford,1:22.992,2003,750,3.0,,,
14,10,Heinz-Harald Frentzen,Sauber Petronas,1:23.216,2003,750,3.0,,,
15,15,Justin Wilson,Jaguar Cosworth,1:23.484,2003,750,3.0,,,
16,9,Nick Heidfeld,Sauber Petronas,1:23.803,2003,750,3.0,,,
17,19,Jos Verstappen,Minardi Cosworth,1:25.078,2003,750,3.0,,,
18,12,Zsolt Baumgartner,Jordan Ford,1:25.881,2003,750,3.0,,,
19,18,Nicolas Kiesa,Minardi Cosworth,1:26.778,2003,750,3.0,,,
20,8,Fernando Alonso,Renault,1:40.405,2003,750,3.0,,,
1,2,Rubens Barrichello,Ferrari,1:20.089,2004,767,6.0,,,
2,3,Juan Pablo Montoya,Williams BMW,1:20.620,2004,767,6.0,,,
3,1,Michael Schumacher,Ferrari,1:20.637,2004,767,6.0,,,
4,8,Fernando Alonso,Renault,1:20.645,2004,767,6.0,,,
5,10,Takuma Sato,BAR Honda,1:20.715,2004,767,6.0,,,
6,9,Jenson Button,BAR Honda,1:20.786,2004,767,6.0,,,
7,6,Kimi Räikkönen,McLaren Mercedes,1:20.877,2004,767,6.0,,,
8,4,Antonio Pizzonia,Williams BMW,1:20.888,2004,767,6.0,,,
9,7,Jarno Trulli,Renault,1:21.027,2004,767,6.0,,,
10,5,David Coulthard,McLaren Mercedes,1:21.049,2004,767,6.0,,,
11,16,Ricardo Zonta,Toyota,1:21.520,2004,767,6.0,,,
12,14,Mark Webber,Jaguar Cosworth,1:21.602,2004,767,6.0,,,
13,17,Olivier Panis,Toyota,1:21.841,2004,767,6.0,,,
14,15,Christian Klien,Jaguar Cosworth,1:21.989,2004,767,6.0,,,
15,11,Giancarlo Fisichella,Sauber Petronas,1:22.239,2004,767,6.0,,,
16,12,Felipe Massa,Sauber Petronas,1:22.287,2004,767,6.0,,,
17,18,Nick Heidfeld,Jordan Ford,1:22.301,2004,767,5.0,,,
18,19,Giorgio Pantano,Jordan Ford,1:23.239,2004,767,6.0,,,
19,21,Zsolt Baumgartner,Minardi Cosworth,1:24.808,2004,767,6.0,,,
20,20,Gianmaria Bruni,Minardi Cosworth,1:24.940,2004,767,6.0,,,
1,9,Kimi Räikkönen,McLaren Mercedes,1:20.878,2005,785,3.0,,,
2,10,Juan Pablo Montoya,McLaren Mercedes,1:21.054,2005,785,3.0,,,
3,5,Fernando Alonso,Renault,1:21.319,2005,785,3.0,,,
4,3,Jenson Button,BAR Honda,1:21.369,2005,785,3.0,,,
5,4,Takuma Sato,BAR Honda,1:21.477,2005,785,3.0,,,
6,16,Jarno Trulli,Toyota,1:21.640,2005,785,3.0,,,
7,1,Michael Schumacher,Ferrari,1:21.721,2005,785,3.0,,,
8,2,Rubens Barrichello,Ferrari,1:21.962,2005,785,3.0,,,
9,6,Giancarlo Fisichella,Renault,1:22.068,2005,785,3.0,,,
10,17,Ralf Schumacher,Toyota,1:22.266,2005,785,3.0,,,
11,14,David Coulthard,RBR Cosworth,1:22.304,2005,785,3.0,,,
12,11,Jacques Villeneuve,Sauber Petronas,1:22.356,2005,785,3.0,,,
13,15,Christian Klien,RBR Cosworth,1:22.532,2005,785,3.0,,,
14,7,Mark Webber,Williams BMW,1:22.560,2005,785,3.0,,,
15,12,Felipe Massa,Sauber Petronas,1:23.060,2005,785,3.0,,,
16,8,Antonio Pizzonia,Williams BMW,1:23.291,2005,785,3.0,,,
17,18,Tiago Monteiro,Jordan Toyota,1:24.666,2005,785,3.0,,,
18,20,Robert Doornbos,Minardi Cosworth,1:24.904,2005,785,3.0,,,
19,19,Narain Karthikeyan,Jordan Toyota,1:25.859,2005,785,3.0,,,
20,21,Christijan Albers,Minardi Cosworth,1:26.964,2005,785,3.0,,,
1,3,Kimi Räikkönen,McLaren Mercedes,,2006,804,18.0,,,
2,5,Michael Schumacher,Ferrari,,2006,804,17.0,,,
3,16,Nick Heidfeld,Sauber BMW,,2006,804,20.0,,,
4,6,Felipe Massa,Ferrari,,2006,804,17.0,,,
5,12,Jenson Button,Honda,,2006,804,21.0,,,
6,17,Robert Kubica,Sauber BMW,,2006,804,21.0,,,
7,4,Pedro de la Rosa,McLaren Mercedes,,2006,804,22.0,,,
8,11,Rubens Barrichello,Honda,,2006,804,21.0,,,
9,2,Giancarlo Fisichella,Renault,,2006,804,21.0,,,
10,1,Fernando Alonso,Renault,,2006,804,17.0,,,
11,8,Jarno Trulli,Toyota,,2006,804,12.0,,,
12,10,Nico Rosberg,Williams Cosworth,,2006,804,11.0,,,
13,7,Ralf Schumacher,Toyota,,2006,804,13.0,,,
14,14,David Coulthard,RBR Ferrari,,2006,804,14.0,,,
15,21,Scott Speed,STR Cosworth,,2006,804,17.0,,,
16,15,Christian Klien,RBR Ferrari,,2006,804,6.0,,,
17,20,Vitantonio Liuzzi,STR Cosworth,,2006,804,9.0,,,
18,19,Christijan Albers,MF1 Toyota,,2006,804,5.0,,,
19,9,Mark Webber,Williams Cosworth,,2006,804,6.0,,,
20,18,Tiago Monteiro,MF1 Toyota,,2006,804,5.0,,,
21,22,Takuma Sato,Super Aguri Honda,,2006,804,8.0,,,
22,23,Sakon Yamamoto,Super Aguri Honda,,2006,804,4.0,,,
1,1,Fernando Alonso,McLaren Mercedes,,2007,820,17.0,,,
2,2,Lewis Hamilton,McLaren Mercedes,,2007,820,17.0,,,
3,5,Felipe Massa,Ferrari,,2007,820,17.0,,,
4,9,Nick Heidfeld,Sauber BMW,,2007,820,18.0,,,
5,6,Kimi Räikkönen,Ferrari,,2007,820,21.0,,,
6,10,Robert Kubica,Sauber BMW,,2007,820,18.0,,,
7,4,Heikki Kovalainen,Renault,,2007,820,24.0,,,
8,16,Nico Rosberg,Williams Toyota,,2007,820,24.0,,,
9,12,Jarno Trulli,Toyota,,2007,820,24.0,,,
10,7,Jenson Button,Honda,,2007,820,23.0,,,
11,15,Mark Webber,Red Bull Renault,,2007,820,13.0,,,
12,8,Rubens Barrichello,Honda,,2007,820,13.0,,,
13,17,Alexander Wurz,Williams Toyota,,2007,820,11.0,,,
14,23,Anthony Davidson,Super Aguri Honda,,2007,820,12.0,,,
15,3,Giancarlo Fisichella,Renault,,2007,820,13.0,,,
16,19,Sebastian Vettel,STR Ferrari,,2007,820,15.0,,,
17,22,Takuma Sato,Super Aguri Honda,,2007,820,5.0,,,
18,11,Ralf Schumacher,Toyota,,2007,820,7.0,,,
19,18,Vitantonio Liuzzi,STR Ferrari,,2007,820,6.0,,,
20,14,David Coulthard,Red Bull Renault,,2007,820,6.0,,,
21,20,Adrian Sutil,Spyker Ferrari,,2007,820,10.0,,,
22,21,Sakon Yamamoto,Spyker Ferrari,,2007,820,8.0,,,
1,15,Sebastian Vettel,STR Ferrari,,2008,838,28.0,,,
2,23,Heikki Kovalainen,McLaren Mercedes,,2008,838,24.0,,,
3,10,Mark Webber,Red Bull Renault,,2008,838,23.0,,,
4,14,Sebastien Bourdais,STR Ferrari,,2008,838,28.0,,,
5,7,Nico Rosberg,Williams Toyota,,2008,838,28.0,,,
6,2,Felipe Massa,Ferrari,,2008,838,29.0,,,
7,11,Jarno Trulli,Toyota,,2008,838,26.0,,,
8,5,Fernando Alonso,Renault,,2008,838,28.0,,,
9,12,Timo Glock,Toyota,,2008,838,28.0,,,
10,3,Nick Heidfeld,Sauber BMW,,2008,838,26.0,,,
11,4,Robert Kubica,Sauber BMW,,2008,838,21.0,,,
12,21,Giancarlo Fisichella,Force India Ferrari,,2008,838,19.0,,,
13,9,David Coulthard,Red Bull Renault,,2008,838,21.0,,,
14,1,Kimi Räikkönen,Ferrari,,2008,838,21.0,,,
15,22,Lewis Hamilton,McLaren Mercedes,,2008,838,19.0,,,
16,17,Rubens Barrichello,Honda,,2008,838,12.0,,,
17,6,Nelson Piquet,Renault,,2008,838,13.0,,,
18,8,Kazuki Nakajima,Williams Toyota,,2008,838,13.0,,,
19,16,Jenson Button,Honda,,2008,838,13.0,,,
20,20,Adrian Sutil,Force India Ferrari,,2008,838,12.0,,,
1,1,Lewis Hamilton,McLaren Mercedes,,2009,855,23.0,,,
2,20,Adrian Sutil,Force India Mercedes,,2009,855,24.0,,,
3,4,Kimi Räikkönen,Ferrari,,2009,855,28.0,,,
4,2,Heikki Kovalainen,McLaren Mercedes,,2009,855,27.0,,,
5,23,Rubens Barrichello,Brawn Mercedes,,2009,855,23.0,,,
6,22,Jenson Button,Brawn Mercedes,,2009,855,26.0,,,
7,21,Vitantonio Liuzzi,Force India Mercedes,,2009,855,26.0,,,
8,7,Fernando Alonso,Renault,,2009,855,25.0,,,
9,15,Sebastian Vettel,RBR Renault,,2009,855,23.0,,,
10,14,Mark Webber,RBR Renault,,2009,855,24.0,,,
11,9,Jarno Trulli,Toyota,,2009,855,20.0,,,
12,8,Romain Grosjean,Renault,,2009,855,22.0,,,
13,5,Robert Kubica,Sauber BMW,,2009,855,17.0,,,
14,3,Giancarlo Fisichella,Ferrari,,2009,855,24.0,,,
15,6,Nick Heidfeld,Sauber BMW,,2009,855,14.0,,,
16,10,Timo Glock,Toyota,,2009,855,11.0,,,
17,17,Kazuki Nakajima,Williams Toyota,,2009,855,9.0,,,
18,16,Nico Rosberg,Williams Toyota,,2009,855,12.0,,,
19,12,Sebastien Buemi,STR Ferrari,,2009,855,12.0,,,
20,11,Jaime Alguersuari,STR Ferrari,,2009,855,11.0,,,
1,8,Fernando Alonso,Ferrari,,2010,873,23.0,,,
2,1,Jenson Button,McLaren Mercedes,,2010,873,21.0,,,
3,7,Felipe Massa,Ferrari,,2010,873,25.0,,,
4,6,Mark Webber,RBR Renault,,2010,873,26.0,,,
5,2,Lewis Hamilton,McLaren Mercedes,,2010,873,17.0,,,
6,5,Sebastian Vettel,RBR Renault,,2010,873,23.0,,,
7,4,Nico Rosberg,Mercedes,,2010,873,23.0,,,
8,10,Nico Hulkenberg,Williams Cosworth,,2010,873,23.0,,,
9,11,Robert Kubica,Renault,,2010,873,18.0,,,
10,9,Rubens Barrichello,Williams Cosworth,,2010,873,26.0,,,
11,14,Adrian Sutil,Force India Mercedes,,2010,873,16.0,,,
12,3,Michael Schumacher,Mercedes,,2010,873,19.0,,,
13,23,Kamui Kobayashi,Sauber Ferrari,,2010,873,17.0,,,
14,16,Sebastien Buemi,STR Ferrari,,2010,873,19.0,,,
15,12,Vitaly Petrov,Renault,,2010,873,17.0,,,
16,17,Jaime Alguersuari,STR Ferrari,,2010,873,19.0,,,
17,22,Pedro de la Rosa,Sauber Ferrari,,2010,873,16.0,,,
18,18,Jarno Trulli,Lotus Cosworth,,2010,873,10.0,,,
19,19,Heikki Kovalainen,Lotus Cosworth,,2010,873,11.0,,,
20,15,Vitantonio Liuzzi,Force India Mercedes,,2010,873,3.0,,,
21,24,Timo Glock,Virgin Cosworth,,2010,873,11.0,,,
22,25,Lucas di Grassi,Virgin Cosworth,,2010,873,10.0,,,
23,21,Bruno Senna,HRT Cosworth,,2010,873,11.0,,,
24,20,Sakon Yamamoto,HRT Cosworth,,2010,873,10.0,,,
1,1,Sebastian Vettel,Red Bull Racing Renault,,2011,40,15.0,,,
2,3,Lewis Hamilton,McLaren Mercedes,,2011,40,16.0,,,
3,4,Jenson Button,McLaren Mercedes,,2011,40,17.0,,,
4,5,Fernando Alonso,Ferrari,,2011,40,18.0,,,
5,2,Mark Webber,Red Bull Racing Renault,,2011,40,14.0,,,
6,6,Felipe Massa,Ferrari,,2011,40,17.0,,,
7,10,Vitaly Petrov,Renault,,2011,40,19.0,,,
8,7,Michael Schumacher,Mercedes,,2011,40,13.0,,,
9,8,Nico Rosberg,Mercedes,,2011,40,17.0,,,
10,9,Bruno Senna,Renault,,2011,40,20.0,,,
11,15,Paul di Resta,Force India Mercedes,,2011,40,15.0,,,
12,14,Adrian Sutil,Force India Mercedes,,2011,40,18.0,,,
13,11,Rubens Barrichello,Williams Cosworth,,2011,40,19.0,,,
14,12,Pastor Maldonado,Williams Cosworth,,2011,40,16.0,,,
15,17,Sergio Perez,Sauber Ferrari,,2011,40,17.0,,,
16,18,Sebastien Buemi,STR Ferrari,,2011,40,18.0,,,
17,16,Kamui Kobayashi,Sauber Ferrari,,2011,40,16.0,,,
18,19,Jaime Alguersuari,STR Ferrari,,2011,40,11.0,,,
19,21,Jarno Trulli,Lotus Renault,,2011,40,12.0,,,
20,20,Heikki Kovalainen,Lotus Renault,,2011,40,13.0,,,
21,24,Timo Glock,Virgin Cosworth,,2011,40,9.0,,,
22,25,Jerome d'Ambrosio,Virgin Cosworth,,2011,40,11.0,,,
23,22,Daniel Ricciardo,HRT Cosworth,,2011,40,12.0,,,
24,23,Vitantonio Liuzzi,HRT Cosworth,,2011,40,11.0,,,
1,4,Lewis Hamilton,McLaren Mercedes,,2012,20,15.0,,,
2,3,Jenson Button,McLaren Mercedes,,2012,20,15.0,,,
3,6,Felipe Massa,Ferrari,,2012,20,16.0,,,
4,11,Paul di Resta,Force India Mercedes,,2012,20,17.0,,,
5,7,Michael Schumacher,Mercedes,,2012,20,14.0,,,
6,1,Sebastian Vettel,Red Bull Racing Renault,,2012,20,22.0,,,
7,8,Nico Rosberg,Mercedes,,2012,20,15.0,,,
8,9,Kimi Räikkönen,Lotus Renault,,2012,20,18.0,,,
9,14,Kamui Kobayashi,Sauber Ferrari,,2012,20,18.0,,,
10,5,Fernando Alonso,Ferrari,,2012,20,16.0,,,
11,2,Mark Webber,Red Bull Racing Renault,,2012,20,21.0,,,
12,18,Pastor Maldonado,Williams Renault,,2012,20,17.0,,,
13,15,Sergio Perez,Sauber Ferrari,,2012,20,14.0,,,
14,19,Bruno Senna,Williams Renault,,2012,20,16.0,,,
15,16,Daniel Ricciardo,STR Ferrari,,2012,20,20.0,,,
16,10,Jerome d'Ambrosio,Lotus Renault,,2012,20,19.0,,,
17,17,Jean-Eric Vergne,STR Ferrari,,2012,20,18.0,,,
18,20,Heikki Kovalainen,Caterham Renault,,2012,20,11.0,,,
19,21,Vitaly Petrov,Caterham Renault,,2012,20,11.0,,,
20,24,Timo Glock,Marussia Cosworth,,2012,20,10.0,,,
21,25,Charles Pic,Marussia Cosworth,,2012,20,9.0,,,
22,23,Narain Karthikeyan,HRT Cosworth,,2012,20,9.0,,,
23,22,Pedro de la Rosa,HRT Cosworth,,2012,20,10.0,,,
NC,12,Nico Hulkenberg,Force India Mercedes,,2012,20,2.0,,,
1,1,Sebastian Vettel,Red Bull Racing Renault,,2013,890,15.0,,,
2,2,Mark Webber,Red Bull Racing Renault,,2013,890,18.0,,,
3,11,Nico Hulkenberg,Sauber Ferrari,,2013,890,21.0,,,
4,4,Felipe Massa,Ferrari,,2013,890,21.0,,,
5,3,Fernando Alonso,Ferrari,,2013,890,15.0,,,
6,9,Nico Rosberg,Mercedes,,2013,890,26.0,,,
7,19,Daniel Ricciardo,STR Ferrari,,2013,890,24.0,,,
8,6,Sergio Perez,McLaren Mercedes,,2013,890,17.0,,,
9,5,Jenson Button,McLaren Mercedes,,2013,890,21.0,,,
10,18,Jean-Eric Vergne,STR Ferrari,,2013,890,20.0,,,
11,7,Kimi Räikkönen,Lotus Renault,,2013,890,16.0,,,
12,10,Lewis Hamilton,Mercedes,,2013,890,14.0,,,
13,8,Romain Grosjean,Lotus Renault,,2013,890,14.0,,,
14,15,Adrian Sutil,Force India Mercedes,,2013,890,19.0,,,
15,16,Pastor Maldonado,Williams Renault,,2013,890,19.0,,,
16,14,Paul di Resta,Force India Mercedes,,2013,890,18.0,,,
17,12,Esteban Gutierrez ,Sauber Ferrari,,2013,890,13.0,,,
18,17,Valtteri Bottas,Williams Renault,,2013,890,11.0,,,
19,21,Giedo van der Garde,Caterham Renault,,2013,890,9.0,,,
20,20,Charles Pic,Caterham Renault,,2013,890,10.0,,,
21,22,Jules Bianchi,Marussia Cosworth,,2013,890,11.0,,,
22,23,Max Chilton,Marussia Cosworth,,2013,890,10.0,,,
1,44,Lewis Hamilton,Mercedes,,2014,910,20.0,,,
2,6,Nico Rosberg,Mercedes,,2014,910,19.0,,,
3,77,Valtteri Bottas,Williams Mercedes,,2014,910,16.0,,,
4,19,Felipe Massa,Williams Mercedes,,2014,910,17.0,,,
5,20,Kevin Magnussen,McLaren Mercedes,,2014,910,18.0,,,
6,22,Jenson Button,McLaren Mercedes,,2014,910,18.0,,,
7,14,Fernando Alonso,Ferrari,,2014,910,17.0,,,
8,1,Sebastian Vettel,Red Bull Racing Renault,,2014,910,18.0,,,
9,3,Daniel Ricciardo,Red Bull Racing Renault,,2014,910,17.0,,,
10,11,Sergio Perez,Force India Mercedes,,2014,910,23.0,,,
11,26,Daniil Kvyat,STR Renault,,2014,910,16.0,,,
12,7,Kimi Räikkönen,Ferrari,,2014,910,13.0,,,
13,25,Jean-Eric Vergne,STR Renault,,2014,910,15.0,,,
14,27,Nico Hulkenberg,Force India Mercedes,,2014,910,18.0,,,
15,99,Adrian Sutil,Sauber Ferrari,,2014,910,17.0,,,
16,21,Esteban Gutierrez ,Sauber Ferrari,,2014,910,17.0,,,
17,13,Pastor Maldonado,Lotus Renault,,2014,910,8.0,,,
18,8,Romain Grosjean,Lotus Renault,,2014,910,5.0,,,
19,10,Kamui Kobayashi,Caterham Renault,,2014,910,9.0,,,
20,17,Jules Bianchi,Marussia Ferrari,,2014,910,8.0,,,
21,4,Max Chilton,Marussia Ferrari,,2014,910,8.0,,,
22,9,Marcus Ericsson,Caterham Renault,,2014,910,9.0,,,
1,44,Lewis Hamilton,Mercedes,,2015,929,15.0,,,
2,7,Kimi Räikkönen,Ferrari,,2015,929,17.0,,,
3,5,Sebastian Vettel,Ferrari,,2015,929,20.0,,,
4,6,Nico Rosberg,Mercedes,,2015,929,19.0,,,
5,19,Felipe Massa,Williams Mercedes,,2015,929,19.0,,,
6,77,Valtteri Bottas,Williams Mercedes,,2015,929,17.0,,,
7,11,Sergio Perez,Force India Mercedes,,2015,929,19.0,,,
8,8,Romain Grosjean,Lotus Mercedes,,2015,929,19.0,,,
9,27,Nico Hulkenberg,Force India Mercedes,,2015,929,18.0,,,
10,9,Marcus Ericsson,Sauber Ferrari,,2015,929,20.0,,,
11,13,Pastor Maldonado,Lotus Mercedes,,2015,929,16.0,,,
12,12,Felipe Nasr,Sauber Ferrari,,2015,929,15.0,,,
13,55,Carlos Sainz,STR Renault,,2015,929,10.0,,,
14,26,Daniil Kvyat,Red Bull Racing Renault,,2015,929,11.0,,,
15,3,Daniel Ricciardo,Red Bull Racing Renault,,2015,929,3.0,,,
16,22,Jenson Button,McLaren Honda,,2015,929,7.0,,,
17,14,Fernando Alonso,McLaren Honda,,2015,929,7.0,,,
18,28,Will Stevens,Marussia Ferrari,,2015,929,9.0,,,
19,98,Roberto Merhi,Marussia Ferrari,,2015,929,9.0,,,
NC,33,Max Verstappen,STR Renault,,2015,929,1.0,,,
1,44,Lewis Hamilton,Mercedes,,2016,950,16.0,,,
2,6,Nico Rosberg,Mercedes,,2016,950,15.0,,,
3,5,Sebastian Vettel,Ferrari,,2016,950,13.0,,,
4,7,Kimi Räikkönen,Ferrari,,2016,950,15.0,,,
5,77,Valtteri Bottas,Williams Mercedes,,2016,950,12.0,,,
6,3,Daniel Ricciardo,Red Bull Racing TAG Heuer,,2016,950,17.0,,,
7,33,Max Verstappen,Red Bull Racing TAG Heuer,,2016,950,15.0,,,
8,11,Sergio Perez,Force India Mercedes,,2016,950,15.0,,,
9,27,Nico Hulkenberg,Force India Mercedes,,2016,950,18.0,,,
10,21,Esteban Gutierrez ,Haas Ferrari,,2016,950,21.0,,,
11,19,Felipe Massa,Williams Mercedes,,2016,950,10.0,,,
12,8,Romain Grosjean,Haas Ferrari,,2016,950,14.0,,,
13,14,Fernando Alonso,McLaren Honda,,2016,950,13.0,,,
14,94,Pascal Wehrlein,MRT Mercedes,,2016,950,14.0,,,
15,22,Jenson Button,McLaren Honda,,2016,950,13.0,,,
16,55,Carlos Sainz,Toro Rosso Ferrari,,2016,950,12.0,,,
17,26,Daniil Kvyat,Toro Rosso Ferrari,,2016,950,9.0,,,
18,12,Felipe Nasr,Sauber Ferrari,,2016,950,8.0,,,
19,9,Marcus Ericsson,Sauber Ferrari,,2016,950,7.0,,,
20,30,Jolyon Palmer,Renault,,2016,950,9.0,,,
21,20,Kevin Magnussen,Renault,,2016,950,9.0,,,
NC,31,Esteban Ocon,MRT Mercedes,,2016,950,2.0,,,
1,44,Lewis Hamilton,Mercedes,,2017,971,29.0,,,
2,33,Max Verstappen,Red Bull Racing TAG Heuer,,2017,971,29.0,,,
3,3,Daniel Ricciardo,Red Bull Racing TAG Heuer,,2017,971,26.0,,,
4,18,Lance Stroll,Williams Mercedes,,2017,971,27.0,,,
5,31,Esteban Ocon,Force India Mercedes,,2017,971,29.0,,,
6,77,Valtteri Bottas,Mercedes,,2017,971,29.0,,,
7,7,Kimi Räikkönen,Ferrari,,2017,971,30.0,,,
8,5,Sebastian Vettel,Ferrari,,2017,971,28.0,,,
9,19,Felipe Massa,Williams Mercedes,,2017,971,27.0,,,
10,2,Stoffel Vandoorne,McLaren Honda,,2017,971,25.0,,,
11,11,Sergio Perez,Force India Mercedes,,2017,971,19.0,,,
12,27,Nico Hulkenberg,Renault,,2017,971,20.0,,,
13,14,Fernando Alonso,McLaren Honda,,2017,971,11.0,,,
14,26,Daniil Kvyat,Toro Rosso,,2017,971,21.0,,,
15,55,Carlos Sainz,Toro Rosso,,2017,971,21.0,,,
16,20,Kevin Magnussen,Haas Ferrari,,2017,971,12.0,,,
17,30,Jolyon Palmer,Renault,,2017,971,10.0,,,
18,9,Marcus Ericsson,Sauber Ferrari,,2017,971,11.0,,,
19,94,Pascal Wehrlein,Sauber Ferrari,,2017,971,9.0,,,
NC,8,Romain Grosjean,Haas Ferrari,,2017,971,3.0,,,
1,7,Kimi Räikkönen,Ferrari,,2018,992,21.0,,,
2,5,Sebastian Vettel,Ferrari,,2018,992,20.0,,,
3,44,Lewis Hamilton,Mercedes,,2018,992,20.0,,,
4,77,Valtteri Bottas,Mercedes,,2018,992,18.0,,,
5,33,Max Verstappen,Red Bull Racing TAG Heuer,,2018,992,15.0,,,
6,8,Romain Grosjean,Haas Ferrari,,2018,992,21.0,,,
7,55,Carlos Sainz,Renault,,2018,992,17.0,,,
8,31,Esteban Ocon,Force India Mercedes,,2018,992,17.0,,,
9,10,Pierre Gasly,Scuderia Toro Rosso Honda,,2018,992,24.0,,,
10,18,Lance Stroll,Williams Mercedes,,2018,992,14.0,,,
11,20,Kevin Magnussen,Haas Ferrari,,2018,992,12.0,,,
12,35,Sergey Sirotkin,Williams Mercedes,,2018,992,13.0,,,
13,14,Fernando Alonso,McLaren Renault,,2018,992,14.0,,,
14,27,Nico Hulkenberg,Renault,,2018,992,12.0,,,
15,3,Daniel Ricciardo,Red Bull Racing TAG Heuer,,2018,992,3.0,,,
16,11,Sergio Perez,Force India Mercedes,,2018,992,5.0,,,
17,16,Charles Leclerc,Sauber Ferrari,,2018,992,10.0,,,
18,28,Brendon Hartley,Scuderia Toro Rosso Honda,,2018,992,12.0,,,
19,9,Marcus Ericsson,Sauber Ferrari,,2018,992,10.0,,,
20,2,Stoffel Vandoorne,McLaren Renault,,2018,992,9.0,,,
1,16,Charles Leclerc,Ferrari,,2019,1013,18.0,,,
2,44,Lewis Hamilton,Mercedes,,2019,1013,16.0,,,
3,77,Valtteri Bottas,Mercedes,,2019,1013,17.0,,,
4,5,Sebastian Vettel,Ferrari,,2019,1013,17.0,,,
5,3,Daniel Ricciardo,Renault,,2019,1013,13.0,,,
6,27,Nico Hulkenberg,Renault,,2019,1013,14.0,,,
7,55,Carlos Sainz,McLaren Renault,,2019,1013,20.0,,,
8,23,Alexander Albon,Red Bull Racing Honda,,2019,1013,15.0,,,
9,18,Lance Stroll,Racing Point BWT Mercedes,,2019,1013,19.0,,,
10,7,Kimi Räikkönen,Alfa Romeo Racing Ferrari,,2019,1013,16.0,,,
11,99,Antonio Giovinazzi,Alfa Romeo Racing Ferrari,,2019,1013,15.0,,,
12,20,Kevin Magnussen,Haas Ferrari,,2019,1013,14.0,,,
13,26,Daniil Kvyat,Scuderia Toro Rosso Honda,,2019,1013,17.0,,,
14,4,Lando Norris,McLaren Renault,,2019,1013,15.0,,,
15,10,Pierre Gasly,Scuderia Toro Rosso Honda,,2019,1013,15.0,,,
16,8,Romain Grosjean,Haas Ferrari,,2019,1013,8.0,,,
17,11,Sergio Perez,Racing Point BWT Mercedes,,2019,1013,6.0,,,
18,63,George Russell,Williams Mercedes,,2019,1013,8.0,,,
19,88,Robert Kubica,Williams Mercedes,,2019,1013,9.0,,,
NC,33,Max Verstappen,Red Bull Racing Honda,,2019,1013,3.0,,,
1,44,Lewis Hamilton,Mercedes,,2020,1052,18.0,,,
2,77,Valtteri Bottas,Mercedes,,2020,1052,18.0,,,
3,55,Carlos Sainz,McLaren Renault,,2020,1052,16.0,,,
4,11,Sergio Perez,Racing Point BWT Mercedes,,2020,1052,17.0,,,
5,33,Max Verstappen,Red Bull Racing Honda,,2020,1052,17.0,,,
6,4,Lando Norris,McLaren Renault,,2020,1052,18.0,,,
7,3,Daniel Ricciardo,Renault,,2020,1052,16.0,,,
8,18,Lance Stroll,Racing Point BWT Mercedes,,2020,1052,19.0,,,
9,23,Alexander Albon,Red Bull Racing Honda,,2020,1052,19.0,,,
10,10,Pierre Gasly,AlphaTauri Honda,,2020,1052,20.0,,,
11,26,Daniil Kvyat,AlphaTauri Honda,,2020,1052,14.0,,,
12,31,Esteban Ocon,Renault,,2020,1052,12.0,,,
13,16,Charles Leclerc,Ferrari,,2020,1052,15.0,,,
14,7,Kimi Räikkönen,Alfa Romeo Racing Ferrari,,2020,1052,14.0,,,
15,20,Kevin Magnussen,Haas Ferrari,,2020,1052,14.0,,,
16,8,Romain Grosjean,Haas Ferrari,,2020,1052,8.0,,,
17,5,Sebastian Vettel,Ferrari,,2020,1052,5.0,,,
18,99,Antonio Giovinazzi,Alfa Romeo Racing Ferrari,,2020,1052,9.0,,,
19,63,George Russell,Williams Mercedes,,2020,1052,7.0,,,
20,6,Nicholas Latifi,Williams Mercedes,,2020,1052,8.0,,,
1,77,Valtteri Bottas,Mercedes,,2021,1076,18.0,,,
2,44,Lewis Hamilton,Mercedes,,2021,1076,18.0,,,
3,33,Max Verstappen,Red Bull Racing Honda,,2021,1076,19.0,,,
4,4,Lando Norris,McLaren Mercedes,,2021,1076,21.0,,,
5,3,Daniel Ricciardo,McLaren Mercedes,,2021,1076,17.0,,,
6,10,Pierre Gasly,AlphaTauri Honda,,2021,1076,16.0,,,
7,55,Carlos Sainz,Ferrari,,2021,1076,18.0,,,
8,16,Charles Leclerc,Ferrari,,2021,1076,18.0,,,
9,11,Sergio Perez,Red Bull Racing Honda,,2021,1076,20.0,,,
10,99,Antonio Giovinazzi,Alfa Romeo Racing Ferrari,,2021,1076,16.0,,,
11,5,Sebastian Vettel,Aston Martin Mercedes,,2021,1076,14.0,,,
12,18,Lance Stroll,Aston Martin Mercedes,,2021,1076,13.0,,,
13,14,Fernando Alonso,Alpine Renault,,2021,1076,11.0,,,
14,31,Esteban Ocon,Alpine Renault,,2021,1076,12.0,,,
15,63,George Russell,Williams Mercedes,,2021,1076,16.0,,,
16,6,Nicholas Latifi,Williams Mercedes,,2021,1076,10.0,,,
17,22,Yuki Tsunoda,AlphaTauri Honda,,2021,1076,9.0,,,
18,47,Mick Schumacher,Haas Ferrari,,2021,1076,8.0,,,
19,88,Robert Kubica,Alfa Romeo Racing Ferrari,,2021,1076,7.0,,,
20,9,Nikita Mazepin,Haas Ferrari,,2021,1076,9.0,,,
1,16,Charles Leclerc,Ferrari,,2022,1120,14.0,,,
2,1,Max Verstappen,Red Bull Racing RBPT,,2022,1120,16.0,,,
3,55,Carlos Sainz,Ferrari,,2022,1120,13.0,,,
4,11,Sergio Perez,Red Bull Racing RBPT,,2022,1120,15.0,,,
5,44,Lewis Hamilton,Mercedes,,2022,1120,17.0,,,
6,63,George Russell,Mercedes,,2022,1120,17.0,,,
7,4,Lando Norris,McLaren Mercedes,,2022,1120,19.0,,,
8,3,Daniel Ricciardo,McLaren Mercedes,,2022,1120,20.0,,,
9,10,Pierre Gasly,AlphaTauri RBPT,,2022,1120,18.0,,,
10,14,Fernando Alonso,Alpine Renault,,2022,1120,17.0,,,
11,31,Esteban Ocon,Alpine Renault,,2022,1120,12.0,,,
12,77,Valtteri Bottas,Alfa Romeo Ferrari,,2022,1120,12.0,,,
13,45,Nyck De Vries,Williams Mercedes,,2022,1120,13.0,,,
14,24,Zhou Guanyu,Alfa Romeo Ferrari,,2022,1120,12.0,,,
15,22,Yuki Tsunoda,AlphaTauri RBPT,,2022,1120,6.0,,,
16,6,Nicholas Latifi,Williams Mercedes,,2022,1120,7.0,,,
17,5,Sebastian Vettel,Aston Martin Aramco Mercedes,,2022,1120,7.0,,,
18,18,Lance Stroll,Aston Martin Aramco Mercedes,,2022,1120,9.0,,,
19,20,Kevin Magnussen,Haas Ferrari,,2022,1120,10.0,,,
20,47,Mick Schumacher,Haas Ferrari,,2022,1120,9.0,,,
1,55,Carlos Sainz,Ferrari,,2023,1218,20.0,,,
2,1,Max Verstappen,Red Bull Racing Honda RBPT,,2023,1218,21.0,,,
3,16,Charles Leclerc,Ferrari,,2023,1218,21.0,,,
4,63,George Russell,Mercedes,,2023,1218,21.0,,,
5,11,Sergio Perez,Red Bull Racing Honda RBPT,,2023,1218,21.0,,,
6,23,Alexander Albon,Williams Mercedes,,2023,1218,21.0,,,
7,81,Oscar Piastri,McLaren Mercedes,,2023,1218,24.0,,,
8,44,Lewis Hamilton,Mercedes,,2023,1218,21.0,,,
9,4,Lando Norris,McLaren Mercedes,,2023,1218,23.0,,,
10,14,Fernando Alonso,Aston Martin Aramco Mercedes,,2023,1218,19.0,,,
11,22,Yuki Tsunoda,AlphaTauri Honda RBPT,,2023,1218,15.0,,,
12,40,Liam Lawson,AlphaTauri Honda RBPT,,2023,1218,15.0,,,
13,27,Nico Hulkenberg,Haas Ferrari,,2023,1218,16.0,,,
14,77,Valtteri Bottas,Alfa Romeo Ferrari,,2023,1218,14.0,,,
15,2,Logan Sargeant,Williams Mercedes,,2023,1218,15.0,,,
16,24,Zhou Guanyu,Alfa Romeo Ferrari,,2023,1218,8.0,,,
17,10,Pierre Gasly,Alpine Renault,,2023,1218,7.0,,,
18,31,Esteban Ocon,Alpine Renault,,2023,1218,8.0,,,
19,20,Kevin Magnussen,Haas Ferrari,,2023,1218,8.0,,,
20,18,Lance Stroll,Aston Martin Aramco Mercedes,,2023,1218,9.0,,,
1,4,Lando Norris,McLaren Mercedes,,2024,1244,12.0,,,
2,81,Oscar Piastri,McLaren Mercedes,,2024,1244,19.0,,,
3,63,George Russell,Mercedes,,2024,1244,18.0,,,
4,16,Charles Leclerc,Ferrari,,2024,1244,21.0,,,
5,55,Carlos Sainz,Ferrari,,2024,1244,18.0,,,
6,44,Lewis Hamilton,Mercedes,,2024,1244,18.0,,,
7,1,Max Verstappen,Red Bull Racing Honda RBPT,,2024,1244,18.0,,,
8,11,Sergio Perez,Red Bull Racing Honda RBPT,,2024,1244,17.0,,,
9,23,Alexander Albon,Williams Mercedes,,2024,1244,18.0,,,
10,27,Nico Hulkenberg,Haas Ferrari,,2024,1244,18.0,,,
11,14,Fernando Alonso,Aston Martin Aramco Mercedes,,2024,1244,11.0,,,
12,3,Daniel Ricciardo,RB Honda RBPT,,2024,1244,12.0,,,
13,20,Kevin Magnussen,Haas Ferrari,,2024,1244,11.0,,,
14,10,Pierre Gasly,Alpine Renault,,2024,1244,16.0,,,
15,31,Esteban Ocon,Alpine Renault,,2024,1244,16.0,,,
16,22,Yuki Tsunoda,RB Honda RBPT,,2024,1244,6.0,,,
17,18,Lance Stroll,Aston Martin Aramco Mercedes,,2024,1244,6.0,,,
18,43,Franco Colapinto,Williams Mercedes,,2024,1244,6.0,,,
19,77,Valtteri Bottas,Kick Sauber Ferrari,,2024,1244,6.0,,,
20,24,Zhou Guanyu,Kick Sauber Ferrari,,2024,1244,9.0,,,
